{"cameraMode":{"drawMode":0,"name":"Shaded","section":"Shading Mode"},"sceneLighting":true,"audioPlay":false,"sceneViewState":{"showFog":true,"showMaterialUpdate":false,"showSkybox":true,"showFlares":true,"showImageEffects":true,"showParticleSystems":true},"in2DMode":false,"pivot":{"x":2.913205862045288,"y":2.0,"z":-0.611350417137146},"rotation":{"x":0.03266896307468414,"y":0.6155291795730591,"z":0.025889093056321145,"w":-0.7871397137641907},"size":5.112654209136963,"orthographic":false}